Disciplina,Grado,Tipo,Contenuto
italiano,infanzia,traguardo,"Il bambino usa il linguaggio verbale in modo creativo per esprimere bisogni, emozioni, sentimenti."
italiano,infanzia,traguardo,Sperimenta le prime forme di comunicazione scritta attraverso il pregrafismo fine d'Istituto.
italiano,infanzia,traguardo,"Ascolta e comprende narrazioni d'aula, dimostrando interesse per la lettura guidata."
italiano,infanzia,obiettivo,Sviluppare la capacità di ascolto attivo e comprensione di testi orali di media complessità.
italiano,infanzia,obiettivo,"Esercitare la motricità fine tramite tracciati guidati (linee, asole, greche) propedeutici al corsivo."
italiano,infanzia,obiettivo,Pronunciare correttamente parole ed ampliare il proprio vocabolario fondamentale d'aula.
italiano,infanzia,obiettivo,"Saper ricostruire verbalmente una storia ascoltata individuandone l'inizio, lo sviluppo e la fine."
italiano,infanzia,evidenza,Descrive in modo coerente ed autonomo un'illustrazione complessa mostrata sulla LIM.
italiano,infanzia,evidenza,Riproduce lettere o simboli dell'alfabeto in corsivo sul foglio a righe grandi d'Istituto.
italiano,infanzia,evidenza,Riassume verbalmente le scene principali di una fiaba mimando le azioni d'aula.
italiano,infanzia,evidenza,"Traccia linee verticali, orizzontali ed asole rispettando la direzione sinistra-destra."
matematica,infanzia,traguardo,"Il bambino raggruppa e ordina oggetti secondo diversi criteri (forma, colore, dimensione)."
matematica,infanzia,traguardo,"Si colloca con sicurezza nello spazio grafico e d'aula, completando schemi logici."
matematica,infanzia,obiettivo,"Orientarsi nello spazio grafico e d'aula (sopra/sotto, davanti/dietro, destra/sinistra)."
matematica,infanzia,obiettivo,Classificare oggetti fisici in base a due attributi simultanei d'aula.
matematica,infanzia,obiettivo,Contare oggetti fino a 10 e 20 associando il numero alla reale quantità d'elementi.
matematica,infanzia,obiettivo,"Identificare e descrivere le figure geometriche piane elementari (cerchio, quadrato, triangolo)."
matematica,infanzia,evidenza,Ordina una sequenza di 5 oggetti dal più piccolo al più grande.
matematica,infanzia,evidenza,Raggruppa i blocchi logici d'aula separando i quadrati blu dai cerchi rossi.
matematica,infanzia,evidenza,Conta a voce alta 10 giocattoli indicandoli in sequenza con il dito in modo ordinato.
matematica,infanzia,evidenza,Trova ed indica gli oggetti di forma triangolare presenti all'interno dell'aula.
scienze,infanzia,traguardo,Il bambino osserva con attenzione organismi viventi e fenomeni naturali d'aula e di giardino.
scienze,infanzia,traguardo,Esplora la realtà fisica d'aula attraverso l'uso consapevole dei cinque sensi.
scienze,infanzia,obiettivo,Discriminare gli stimoli sensoriali utilizzando i cinque sensi in attività laboratoriali.
scienze,infanzia,obiettivo,"Osservare i cambiamenti meteorologici e stagionali, registrandone visivamente gli effetti."
scienze,infanzia,obiettivo,Comprendere le differenze biologiche basilari tra elementi viventi (piante) e non viventi.
scienze,infanzia,evidenza,Associa correttamente le foglie d'autunno ed i fiori di primavera alla corretta stagione d'Istituto.
scienze,infanzia,evidenza,"Distingue ad occhi chiusi 5 stimoli olfattivi d'aula (arancia, rosmarino, caffè)."
scienze,infanzia,evidenza,Registra sul calendario meteorologico della classe il tempo della giornata mediante simboli.
tecnologia,infanzia,traguardo,Il bambino sperimenta i primi concetti di coding logico tramite giochi motori diretti (unplugged).
tecnologia,infanzia,traguardo,Utilizza in modo guidato e sicuro i principali sussidi digitali d'aula (LIM).
tecnologia,infanzia,obiettivo,Sviluppare il pensiero computazionale guidando un compagno in percorsi ad ostacoli (unplugged).
tecnologia,infanzia,obiettivo,"Assemblare e scomporre elementi fisici complessi (kit lego, blocchi magnetici)."
tecnologia,infanzia,obiettivo,Identificare la corretta postura e le regole d'uso sicuro dello schermo interattivo LIM.
tecnologia,infanzia,evidenza,"Completa un percorso a griglia d'aula eseguendo comandi sequenziali avanti, gira, stop."
tecnologia,infanzia,evidenza,Costruisce una torre riproducendo l'esatta alternanza cromatica di un modello d'Istituto.
tecnologia,infanzia,evidenza,Esegue con il dito semplici giochi di trascinamento e abbinamento forme sullo schermo LIM.
storia,infanzia,traguardo,"Il bambino sperimenta i concetti di prima/dopo, prima/adesso e dispone in sequenza eventi."
storia,infanzia,traguardo,Ricostruisce la propria storia familiare e d'Istituto attraverso l'analisi guidata di tracce.
storia,infanzia,obiettivo,Ordinare temporalmente immagini e sequenze logiche di storie ascoltate d'aula.
storia,infanzia,obiettivo,Riconoscere ed ordinare le fasi di crescita e sviluppo di una persona o di una pianta.
storia,infanzia,obiettivo,"Comprendere e descrivere il concetto di 'ieri', 'oggi' e 'domani' rispetto alla routine."
storia,infanzia,evidenza,"Dispone nel corretto ordine temporale 4 immagini della giornata d'infanzia (mattino, pranzo, sera)."
storia,infanzia,evidenza,"Ordina le foto di un neonato, di un bambino dell'infanzia e di un adulto in sequenza."
storia,infanzia,evidenza,Risponde correttamente a domande su cosa ha fatto il giorno precedente e cosa farà l'indomani.
geografia,infanzia,traguardo,"Il bambino si orienta nello spazio vissuto (aula, plesso, giardino) e traccia semplici mappe."
geografia,infanzia,traguardo,"Descrive le caratteristiche spaziali dei luoghi noti (la propria casa, la scuola, il parco)."
geografia,infanzia,obiettivo,Rappresentare graficamente la disposizione degli oggetti d'aula visti dall'alto.
geografia,infanzia,obiettivo,"Saper navigare fisicamente all'interno degli spazi del plesso scolastico (mensa, palestra)."
geografia,infanzia,obiettivo,Identificare confini e ostacoli spaziali all'interno di un'area gioco d'Istituto.
geografia,infanzia,evidenza,Disegna una mappa del proprio banco posizionando correttamente astuccio e matita.
geografia,infanzia,evidenza,Accompagna l'insegnante dalla propria aula fino alla mensa d'Istituto senza sbagliare.
geografia,infanzia,evidenza,Indica ed aggira gli ostacoli fisici disposti in cerchio durante i giochi motori.
inglese,infanzia,traguardo,"Il bambino ascolta, comprende e riproduce brevi saluti, i colori, i numeri da 1 a 10 in inglese."
inglese,infanzia,obiettivo,"Comprendere ed eseguire semplici istruzioni orali in lingua (stand up, sit down)."
inglese,infanzia,obiettivo,Riconoscere e nominare i colori fondamentali ed i numeri fino a 5 in lingua inglese.
inglese,infanzia,evidenza,Esegue istantaneamente i movimenti fisici ordinati in lingua inglese dall'insegnante.
inglese,infanzia,evidenza,"Associa la parola 'red', 'blue' e 'yellow' al corrispondente palloncino colorato d'aula."
secondaLingua,infanzia,traguardo,Il bambino scopre l'esistenza di altri codici linguistici (Arbëreshë/Francese) nel plesso Greci.
secondaLingua,infanzia,obiettivo,Memorizzare ed intonare canti e filastrocche tradizionali della minoranza italo-albanese.
secondaLingua,infanzia,obiettivo,Nominare le parti del corpo ed i principali animali domestici nella lingua Arbëreshë irpina.
secondaLingua,infanzia,evidenza,Riproduce oralmente i saluti e i nomi degli animali della tradizione Arbëreshë irpina.
secondaLingua,infanzia,evidenza,Canta in coro con i compagni una filastrocca della minoranza italo-albanese locale.
arteImmagine,infanzia,traguardo,"Il bambino manipola materiali diversi, sperimenta la mescolanza dei colori e realizza elaborati."
arteImmagine,infanzia,traguardo,"Si esprime attraverso il disegno libero, la pittura e l'uso creativo di materiali di riciclo."
arteImmagine,infanzia,obiettivo,Esprimere la propria identità riproducendo graficamente il proprio autoritratto curandone i particolari.
arteImmagine,infanzia,obiettivo,"Sperimentare la mescolanza dei colori primari per ottenere i secondari (giallo, rosso, blu)."
arteImmagine,infanzia,obiettivo,"Utilizzare materiali plasmabili (pongo, argilla, farina) per modellare forme tridimensionali."
arteImmagine,infanzia,evidenza,"Disegna il proprio volto posizionando occhi, naso, bocca e orecchie con proporzioni adeguate."
arteImmagine,infanzia,evidenza,Mescola le tempere gialle e blu sulla tavolozza per dipingere un prato verde.
arteImmagine,infanzia,evidenza,Scultura: modella una tazza o una chiocciola utilizzando la plastilina d'Istituto.
musica,infanzia,traguardo,"Il bambino riconosce l'altezza dei suoni, riproduce sequenze ritmiche semplici e canta in coro."
musica,infanzia,traguardo,Sviluppa la percezione sonora locale ed interagisce con semplici strumenti musicali a percussione.
musica,infanzia,obiettivo,Sviluppare la coordinazione ritmica riproducendo schemi sonori guidati in gruppo.
musica,infanzia,obiettivo,"Cimentarsi nel canto corale modulando l'intensità della voce (forte/piano, veloce/lento)."
musica,infanzia,obiettivo,Localizzare una sorgente sonora ad occhi chiusi all'interno dello spazio d'aula.
musica,infanzia,evidenza,Riproduce fedelmente una sequenza di 4 battiti alternando mani e piedi a tempo.
musica,infanzia,evidenza,Sussurra o intona ad alta voce il ritornello della canzone scolastica seguendo il docente.
musica,infanzia,evidenza,Indica con precisione la direzione da cui proviene il suono di un campanellino.
educazioneFisica,infanzia,traguardo,"Il bambino padroneggia gli schemi motori di base (camminare, correre, saltare, lanciare)."
educazioneFisica,infanzia,traguardo,Acquisisce consapevolezza del proprio schema corporeo ed adotta corrette condotte igieniche.
educazioneFisica,infanzia,obiettivo,Eseguire percorsi di psicomotricità coordinando i movimenti del corpo rispetto a stimoli sonori.
educazioneFisica,infanzia,obiettivo,Saltare a piedi uniti ed alternati superando piccoli ostacoli morbidi d'aula.
educazioneFisica,infanzia,obiettivo,Lavare ed asciugare le mani in modo autonomo prima dei pasti del plesso scolastico.
educazioneFisica,infanzia,evidenza,Completa una trave d'equilibrio d'aula senza cadere e arrestandosi al segnale acustico.
educazioneFisica,infanzia,evidenza,Supera tre cerchi disposti a terra saltando su un solo piede senza perdere l'equilibrio.
educazioneFisica,infanzia,evidenza,Pratica il corretto lavaggio delle mani con sapone strofinando dita e palmi senza guida.
educazioneCivica,infanzia,traguardo,"Il bambino adotta comportamenti rispettosi d'aula, partecipa alla cura dell'ambiente scolastico."
educazioneCivica,infanzia,traguardo,"Comprende il valore delle regole del gruppo d'aula, collaborando con i compagni."
educazioneCivica,infanzia,obiettivo,Praticare la condivisione e l'ascolto pacifico durante i momenti di cerchio d'ascolto (Circle Time).
educazioneCivica,infanzia,obiettivo,Riconoscere i contenitori della raccolta differenziata in classe dividendo carta e plastica.
educazioneCivica,infanzia,obiettivo,Collaborare al riordino dei giochi e dei sussidi didattici d'area al termine dell'attività.
educazioneCivica,infanzia,evidenza,Attende pazientemente il proprio turno per parlare stringendo il testimone della parola d'aula.
educazioneCivica,infanzia,evidenza,Getta i bicchieri di plastica della merenda nel contenitore ecologico corretto d'Istituto.
educazioneCivica,infanzia,evidenza,Ripone le costruzioni logiche d'aula nella scatola corrispondente a fine giornata.
religione,infanzia,traguardo,Il bambino scopre i simboli ed i racconti della tradizione cristiana e delle altre grandi festività.
religione,infanzia,obiettivo,"Riconoscere i valori universali della pace, dell'amicizia e dell'accoglienza nelle festività."
religione,infanzia,evidenza,Esegue un disegno collettivo della colomba della pace partecipando alle attività d'aula.
italiano,primaria,traguardo,"L'alunno padroneggia gli strumenti fondamentali, i linguaggi e i metodi di indagine di Italiano d'Istituto al termine della scuola primaria."
italiano,primaria,traguardo,Applica le conoscenze e le abilità di Italiano per risolvere problemi semplici e compiti di realtà della vita quotidiana scolastica.
italiano,primaria,traguardo,"Sviluppa un atteggiamento di ricerca, curiosità e riflessione critica rispetto ai nuclei fondanti di Italiano d'Istituto."
italiano,primaria,obiettivo,"Comprendere, schematizzare ed applicare le regole e procedure basilari della disciplina Italiano."
italiano,primaria,obiettivo,"Individuare relazioni, connessioni e analogie tra Italiano ed altri contesti disciplinari d'Istituto."
italiano,primaria,obiettivo,"Elaborare brevi relazioni, sintesi o schemi grafici relativi ad argomenti trattati in classe di Italiano."
italiano,primaria,obiettivo,Sperimentare la progettazione cooperativa d'aula ed il confronto tra pari applicando i metodi di Italiano.
italiano,primaria,evidenza,Esegue autonomamente e con sufficiente correttezza un compito pratico strutturato basato su Italiano.
italiano,primaria,evidenza,Collabora in gruppo per realizzare un elaborato visivo o un piccolo faldone d'Istituto su Italiano.
italiano,primaria,evidenza,Espone in modo semplice ma ordinato un'esperienza di apprendimento vissuta in classe di Italiano.
italiano,primaria,evidenza,Compila tabelle e griglie di autovalutazione descrivendo il proprio percorso in Italiano.
matematica,primaria,traguardo,"L'alunno padroneggia gli strumenti fondamentali, i linguaggi e i metodi di indagine di Matematica d'Istituto al termine della scuola primaria."
matematica,primaria,traguardo,Applica le conoscenze e le abilità di Matematica per risolvere problemi semplici e compiti di realtà della vita quotidiana scolastica.
matematica,primaria,traguardo,"Sviluppa un atteggiamento di ricerca, curiosità e riflessione critica rispetto ai nuclei fondanti di Matematica d'Istituto."
matematica,primaria,obiettivo,"Comprendere, schematizzare ed applicare le regole e procedure basilari della disciplina Matematica."
matematica,primaria,obiettivo,"Individuare relazioni, connessioni e analogie tra Matematica ed altri contesti disciplinari d'Istituto."
matematica,primaria,obiettivo,"Elaborare brevi relazioni, sintesi o schemi grafici relativi ad argomenti trattati in classe di Matematica."
matematica,primaria,obiettivo,Sperimentare la progettazione cooperativa d'aula ed il confronto tra pari applicando i metodi di Matematica.
matematica,primaria,evidenza,Esegue autonomamente e con sufficiente correttezza un compito pratico strutturato basato su Matematica.
matematica,primaria,evidenza,Collabora in gruppo per realizzare un elaborato visivo o un piccolo faldone d'Istituto su Matematica.
matematica,primaria,evidenza,Espone in modo semplice ma ordinato un'esperienza di apprendimento vissuta in classe di Matematica.
matematica,primaria,evidenza,Compila tabelle e griglie di autovalutazione descrivendo il proprio percorso in Matematica.
scienze,primaria,traguardo,"L'alunno padroneggia gli strumenti fondamentali, i linguaggi e i metodi di indagine di Scienze d'Istituto al termine della scuola primaria."
scienze,primaria,traguardo,Applica le conoscenze e le abilità di Scienze per risolvere problemi semplici e compiti di realtà della vita quotidiana scolastica.
scienze,primaria,traguardo,"Sviluppa un atteggiamento di ricerca, curiosità e riflessione critica rispetto ai nuclei fondanti di Scienze d'Istituto."
scienze,primaria,obiettivo,"Comprendere, schematizzare ed applicare le regole e procedure basilari della disciplina Scienze."
scienze,primaria,obiettivo,"Individuare relazioni, connessioni e analogie tra Scienze ed altri contesti disciplinari d'Istituto."
scienze,primaria,obiettivo,"Elaborare brevi relazioni, sintesi o schemi grafici relativi ad argomenti trattati in classe di Scienze."
scienze,primaria,obiettivo,Sperimentare la progettazione cooperativa d'aula ed il confronto tra pari applicando i metodi di Scienze.
scienze,primaria,evidenza,Esegue autonomamente e con sufficiente correttezza un compito pratico strutturato basato su Scienze.
scienze,primaria,evidenza,Collabora in gruppo per realizzare un elaborato visivo o un piccolo faldone d'Istituto su Scienze.
scienze,primaria,evidenza,Espone in modo semplice ma ordinato un'esperienza di apprendimento vissuta in classe di Scienze.
scienze,primaria,evidenza,Compila tabelle e griglie di autovalutazione descrivendo il proprio percorso in Scienze.
tecnologia,primaria,traguardo,"L'alunno padroneggia gli strumenti fondamentali, i linguaggi e i metodi di indagine di Tecnologia d'Istituto al termine della scuola primaria."
tecnologia,primaria,traguardo,Applica le conoscenze e le abilità di Tecnologia per risolvere problemi semplici e compiti di realtà della vita quotidiana scolastica.
tecnologia,primaria,traguardo,"Sviluppa un atteggiamento di ricerca, curiosità e riflessione critica rispetto ai nuclei fondanti di Tecnologia d'Istituto."
tecnologia,primaria,obiettivo,"Comprendere, schematizzare ed applicare le regole e procedure basilari della disciplina Tecnologia."
tecnologia,primaria,obiettivo,"Individuare relazioni, connessioni e analogie tra Tecnologia ed altri contesti disciplinari d'Istituto."
tecnologia,primaria,obiettivo,"Elaborare brevi relazioni, sintesi o schemi grafici relativi ad argomenti trattati in classe di Tecnologia."
tecnologia,primaria,obiettivo,Sperimentare la progettazione cooperativa d'aula ed il confronto tra pari applicando i metodi di Tecnologia.
tecnologia,primaria,evidenza,Esegue autonomamente e con sufficiente correttezza un compito pratico strutturato basato su Tecnologia.
tecnologia,primaria,evidenza,Collabora in gruppo per realizzare un elaborato visivo o un piccolo faldone d'Istituto su Tecnologia.
tecnologia,primaria,evidenza,Espone in modo semplice ma ordinato un'esperienza di apprendimento vissuta in classe di Tecnologia.
tecnologia,primaria,evidenza,Compila tabelle e griglie di autovalutazione descrivendo il proprio percorso in Tecnologia.
storia,primaria,traguardo,"L'alunno padroneggia gli strumenti fondamentali, i linguaggi e i metodi di indagine di Storia d'Istituto al termine della scuola primaria."
storia,primaria,traguardo,Applica le conoscenze e le abilità di Storia per risolvere problemi semplici e compiti di realtà della vita quotidiana scolastica.
storia,primaria,traguardo,"Sviluppa un atteggiamento di ricerca, curiosità e riflessione critica rispetto ai nuclei fondanti di Storia d'Istituto."
storia,primaria,obiettivo,"Comprendere, schematizzare ed applicare le regole e procedure basilari della disciplina Storia."
storia,primaria,obiettivo,"Individuare relazioni, connessioni e analogie tra Storia ed altri contesti disciplinari d'Istituto."
storia,primaria,obiettivo,"Elaborare brevi relazioni, sintesi o schemi grafici relativi ad argomenti trattati in classe di Storia."
storia,primaria,obiettivo,Sperimentare la progettazione cooperativa d'aula ed il confronto tra pari applicando i metodi di Storia.
storia,primaria,evidenza,Esegue autonomamente e con sufficiente correttezza un compito pratico strutturato basato su Storia.
storia,primaria,evidenza,Collabora in gruppo per realizzare un elaborato visivo o un piccolo faldone d'Istituto su Storia.
storia,primaria,evidenza,Espone in modo semplice ma ordinato un'esperienza di apprendimento vissuta in classe di Storia.
storia,primaria,evidenza,Compila tabelle e griglie di autovalutazione descrivendo il proprio percorso in Storia.
geografia,primaria,traguardo,"L'alunno padroneggia gli strumenti fondamentali, i linguaggi e i metodi di indagine di Geografia d'Istituto al termine della scuola primaria."
geografia,primaria,traguardo,Applica le conoscenze e le abilità di Geografia per risolvere problemi semplici e compiti di realtà della vita quotidiana scolastica.
geografia,primaria,traguardo,"Sviluppa un atteggiamento di ricerca, curiosità e riflessione critica rispetto ai nuclei fondanti di Geografia d'Istituto."
geografia,primaria,obiettivo,"Comprendere, schematizzare ed applicare le regole e procedure basilari della disciplina Geografia."
geografia,primaria,obiettivo,"Individuare relazioni, connessioni e analogie tra Geografia ed altri contesti disciplinari d'Istituto."
geografia,primaria,obiettivo,"Elaborare brevi relazioni, sintesi o schemi grafici relativi ad argomenti trattati in classe di Geografia."
geografia,primaria,obiettivo,Sperimentare la progettazione cooperativa d'aula ed il confronto tra pari applicando i metodi di Geografia.
geografia,primaria,evidenza,Esegue autonomamente e con sufficiente correttezza un compito pratico strutturato basato su Geografia.
geografia,primaria,evidenza,Collabora in gruppo per realizzare un elaborato visivo o un piccolo faldone d'Istituto su Geografia.
geografia,primaria,evidenza,Espone in modo semplice ma ordinato un'esperienza di apprendimento vissuta in classe di Geografia.
geografia,primaria,evidenza,Compila tabelle e griglie di autovalutazione descrivendo il proprio percorso in Geografia.
inglese,primaria,traguardo,"L'alunno padroneggia gli strumenti fondamentali, i linguaggi e i metodi di indagine di Inglese d'Istituto al termine della scuola primaria."
inglese,primaria,traguardo,Applica le conoscenze e le abilità di Inglese per risolvere problemi semplici e compiti di realtà della vita quotidiana scolastica.
inglese,primaria,traguardo,"Sviluppa un atteggiamento di ricerca, curiosità e riflessione critica rispetto ai nuclei fondanti di Inglese d'Istituto."
inglese,primaria,obiettivo,"Comprendere, schematizzare ed applicare le regole e procedure basilari della disciplina Inglese."
inglese,primaria,obiettivo,"Individuare relazioni, connessioni e analogie tra Inglese ed altri contesti disciplinari d'Istituto."
inglese,primaria,obiettivo,"Elaborare brevi relazioni, sintesi o schemi grafici relativi ad argomenti trattati in classe di Inglese."
inglese,primaria,obiettivo,Sperimentare la progettazione cooperativa d'aula ed il confronto tra pari applicando i metodi di Inglese.
inglese,primaria,evidenza,Esegue autonomamente e con sufficiente correttezza un compito pratico strutturato basato su Inglese.
inglese,primaria,evidenza,Collabora in gruppo per realizzare un elaborato visivo o un piccolo faldone d'Istituto su Inglese.
inglese,primaria,evidenza,Espone in modo semplice ma ordinato un'esperienza di apprendimento vissuta in classe di Inglese.
inglese,primaria,evidenza,Compila tabelle e griglie di autovalutazione descrivendo il proprio percorso in Inglese.
secondaLingua,primaria,traguardo,"L'alunno padroneggia gli strumenti fondamentali, i linguaggi e i metodi di indagine di Secondalingua d'Istituto al termine della scuola primaria."
secondaLingua,primaria,traguardo,Applica le conoscenze e le abilità di Secondalingua per risolvere problemi semplici e compiti di realtà della vita quotidiana scolastica.
secondaLingua,primaria,traguardo,"Sviluppa un atteggiamento di ricerca, curiosità e riflessione critica rispetto ai nuclei fondanti di Secondalingua d'Istituto."
secondaLingua,primaria,obiettivo,"Comprendere, schematizzare ed applicare le regole e procedure basilari della disciplina Secondalingua."
secondaLingua,primaria,obiettivo,"Individuare relazioni, connessioni e analogie tra Secondalingua ed altri contesti disciplinari d'Istituto."
secondaLingua,primaria,obiettivo,"Elaborare brevi relazioni, sintesi o schemi grafici relativi ad argomenti trattati in classe di Secondalingua."
secondaLingua,primaria,obiettivo,Sperimentare la progettazione cooperativa d'aula ed il confronto tra pari applicando i metodi di Secondalingua.
secondaLingua,primaria,evidenza,Esegue autonomamente e con sufficiente correttezza un compito pratico strutturato basato su Secondalingua.
secondaLingua,primaria,evidenza,Collabora in gruppo per realizzare un elaborato visivo o un piccolo faldone d'Istituto su Secondalingua.
secondaLingua,primaria,evidenza,Espone in modo semplice ma ordinato un'esperienza di apprendimento vissuta in classe di Secondalingua.
secondaLingua,primaria,evidenza,Compila tabelle e griglie di autovalutazione descrivendo il proprio percorso in Secondalingua.
arteImmagine,primaria,traguardo,"L'alunno padroneggia gli strumenti fondamentali, i linguaggi e i metodi di indagine di Arteimmagine d'Istituto al termine della scuola primaria."
arteImmagine,primaria,traguardo,Applica le conoscenze e le abilità di Arteimmagine per risolvere problemi semplici e compiti di realtà della vita quotidiana scolastica.
arteImmagine,primaria,traguardo,"Sviluppa un atteggiamento di ricerca, curiosità e riflessione critica rispetto ai nuclei fondanti di Arteimmagine d'Istituto."
arteImmagine,primaria,obiettivo,"Comprendere, schematizzare ed applicare le regole e procedure basilari della disciplina Arteimmagine."
arteImmagine,primaria,obiettivo,"Individuare relazioni, connessioni e analogie tra Arteimmagine ed altri contesti disciplinari d'Istituto."
arteImmagine,primaria,obiettivo,"Elaborare brevi relazioni, sintesi o schemi grafici relativi ad argomenti trattati in classe di Arteimmagine."
arteImmagine,primaria,obiettivo,Sperimentare la progettazione cooperativa d'aula ed il confronto tra pari applicando i metodi di Arteimmagine.
arteImmagine,primaria,evidenza,Esegue autonomamente e con sufficiente correttezza un compito pratico strutturato basato su Arteimmagine.
arteImmagine,primaria,evidenza,Collabora in gruppo per realizzare un elaborato visivo o un piccolo faldone d'Istituto su Arteimmagine.
arteImmagine,primaria,evidenza,Espone in modo semplice ma ordinato un'esperienza di apprendimento vissuta in classe di Arteimmagine.
arteImmagine,primaria,evidenza,Compila tabelle e griglie di autovalutazione descrivendo il proprio percorso in Arteimmagine.
musica,primaria,traguardo,"L'alunno padroneggia gli strumenti fondamentali, i linguaggi e i metodi di indagine di Musica d'Istituto al termine della scuola primaria."
musica,primaria,traguardo,Applica le conoscenze e le abilità di Musica per risolvere problemi semplici e compiti di realtà della vita quotidiana scolastica.
musica,primaria,traguardo,"Sviluppa un atteggiamento di ricerca, curiosità e riflessione critica rispetto ai nuclei fondanti di Musica d'Istituto."
musica,primaria,obiettivo,"Comprendere, schematizzare ed applicare le regole e procedure basilari della disciplina Musica."
musica,primaria,obiettivo,"Individuare relazioni, connessioni e analogie tra Musica ed altri contesti disciplinari d'Istituto."
musica,primaria,obiettivo,"Elaborare brevi relazioni, sintesi o schemi grafici relativi ad argomenti trattati in classe di Musica."
musica,primaria,obiettivo,Sperimentare la progettazione cooperativa d'aula ed il confronto tra pari applicando i metodi di Musica.
musica,primaria,evidenza,Esegue autonomamente e con sufficiente correttezza un compito pratico strutturato basato su Musica.
musica,primaria,evidenza,Collabora in gruppo per realizzare un elaborato visivo o un piccolo faldone d'Istituto su Musica.
musica,primaria,evidenza,Espone in modo semplice ma ordinato un'esperienza di apprendimento vissuta in classe di Musica.
musica,primaria,evidenza,Compila tabelle e griglie di autovalutazione descrivendo il proprio percorso in Musica.
educazioneFisica,primaria,traguardo,"L'alunno padroneggia gli strumenti fondamentali, i linguaggi e i metodi di indagine di Educazionefisica d'Istituto al termine della scuola primaria."
educazioneFisica,primaria,traguardo,Applica le conoscenze e le abilità di Educazionefisica per risolvere problemi semplici e compiti di realtà della vita quotidiana scolastica.
educazioneFisica,primaria,traguardo,"Sviluppa un atteggiamento di ricerca, curiosità e riflessione critica rispetto ai nuclei fondanti di Educazionefisica d'Istituto."
educazioneFisica,primaria,obiettivo,"Comprendere, schematizzare ed applicare le regole e procedure basilari della disciplina Educazionefisica."
educazioneFisica,primaria,obiettivo,"Individuare relazioni, connessioni e analogie tra Educazionefisica ed altri contesti disciplinari d'Istituto."
educazioneFisica,primaria,obiettivo,"Elaborare brevi relazioni, sintesi o schemi grafici relativi ad argomenti trattati in classe di Educazionefisica."
educazioneFisica,primaria,obiettivo,Sperimentare la progettazione cooperativa d'aula ed il confronto tra pari applicando i metodi di Educazionefisica.
educazioneFisica,primaria,evidenza,Esegue autonomamente e con sufficiente correttezza un compito pratico strutturato basato su Educazionefisica.
educazioneFisica,primaria,evidenza,Collabora in gruppo per realizzare un elaborato visivo o un piccolo faldone d'Istituto su Educazionefisica.
educazioneFisica,primaria,evidenza,Espone in modo semplice ma ordinato un'esperienza di apprendimento vissuta in classe di Educazionefisica.
educazioneFisica,primaria,evidenza,Compila tabelle e griglie di autovalutazione descrivendo il proprio percorso in Educazionefisica.
educazioneCivica,primaria,traguardo,"L'alunno padroneggia gli strumenti fondamentali, i linguaggi e i metodi di indagine di Educazionecivica d'Istituto al termine della scuola primaria."
educazioneCivica,primaria,traguardo,Applica le conoscenze e le abilità di Educazionecivica per risolvere problemi semplici e compiti di realtà della vita quotidiana scolastica.
educazioneCivica,primaria,traguardo,"Sviluppa un atteggiamento di ricerca, curiosità e riflessione critica rispetto ai nuclei fondanti di Educazionecivica d'Istituto."
educazioneCivica,primaria,obiettivo,"Comprendere, schematizzare ed applicare le regole e procedure basilari della disciplina Educazionecivica."
educazioneCivica,primaria,obiettivo,"Individuare relazioni, connessioni e analogie tra Educazionecivica ed altri contesti disciplinari d'Istituto."
educazioneCivica,primaria,obiettivo,"Elaborare brevi relazioni, sintesi o schemi grafici relativi ad argomenti trattati in classe di Educazionecivica."
educazioneCivica,primaria,obiettivo,Sperimentare la progettazione cooperativa d'aula ed il confronto tra pari applicando i metodi di Educazionecivica.
educazioneCivica,primaria,evidenza,Esegue autonomamente e con sufficiente correttezza un compito pratico strutturato basato su Educazionecivica.
educazioneCivica,primaria,evidenza,Collabora in gruppo per realizzare un elaborato visivo o un piccolo faldone d'Istituto su Educazionecivica.
educazioneCivica,primaria,evidenza,Espone in modo semplice ma ordinato un'esperienza di apprendimento vissuta in classe di Educazionecivica.
educazioneCivica,primaria,evidenza,Compila tabelle e griglie di autovalutazione descrivendo il proprio percorso in Educazionecivica.
religione,primaria,traguardo,"L'alunno padroneggia gli strumenti fondamentali, i linguaggi e i metodi di indagine di Religione d'Istituto al termine della scuola primaria."
religione,primaria,traguardo,Applica le conoscenze e le abilità di Religione per risolvere problemi semplici e compiti di realtà della vita quotidiana scolastica.
religione,primaria,traguardo,"Sviluppa un atteggiamento di ricerca, curiosità e riflessione critica rispetto ai nuclei fondanti di Religione d'Istituto."
religione,primaria,obiettivo,"Comprendere, schematizzare ed applicare le regole e procedure basilari della disciplina Religione."
religione,primaria,obiettivo,"Individuare relazioni, connessioni e analogie tra Religione ed altri contesti disciplinari d'Istituto."
religione,primaria,obiettivo,"Elaborare brevi relazioni, sintesi o schemi grafici relativi ad argomenti trattati in classe di Religione."
religione,primaria,obiettivo,Sperimentare la progettazione cooperativa d'aula ed il confronto tra pari applicando i metodi di Religione.
religione,primaria,evidenza,Esegue autonomamente e con sufficiente correttezza un compito pratico strutturato basato su Religione.
religione,primaria,evidenza,Collabora in gruppo per realizzare un elaborato visivo o un piccolo faldone d'Istituto su Religione.
religione,primaria,evidenza,Espone in modo semplice ma ordinato un'esperienza di apprendimento vissuta in classe di Religione.
religione,primaria,evidenza,Compila tabelle e griglie di autovalutazione descrivendo il proprio percorso in Religione.
italiano,secondaria,traguardo,L'alunno padroneggia in modo autonomo e con rigore critico i concetti complessi e le strutture sintattiche di Italiano d'Istituto.
italiano,secondaria,traguardo,"Argomenta le proprie opinioni, elabora sintesi critiche e risolve situazioni-problema complesse di Italiano raccordate con l'area STEM o umanistica."
italiano,secondaria,traguardo,"Partecipa a dibattiti d'aula, co-progetta in gruppi cooperativi ed applica le metodologie di Italiano in compiti autentici di realtà d'Istituto."
italiano,secondaria,obiettivo,"Padroneggiare le strutture logico-formali, i teoremi, le grammatiche e le metodologie scientifiche specifiche di Italiano."
italiano,secondaria,obiettivo,"Eseguire l'analisi critica delle fonti, dei dati ed analizzare le dinamiche geopolitiche, storiche o matematiche di Italiano."
italiano,secondaria,obiettivo,"Elaborare testi argomentativi, relazioni scolastiche e progetti digitali strutturati in paragrafi coerenti di Italiano."
italiano,secondaria,obiettivo,Raccordare ed integrare i saperi e gli obiettivi di Italiano con lo studio di altre discipline d'Istituto (allineamento verticale ed orizzontale).
italiano,secondaria,evidenza,"Redige autonomamente una relazione argomentativa o un saggio breve su un argomento di Italiano, sostenendo una tesi con prove d'Istituto."
italiano,secondaria,evidenza,"Esegue l'analisi logica, formale o geometrica di problemi o brani d'autore di Italiano, motivando le procedure adottate."
italiano,secondaria,evidenza,"Espone con sicurezza una relazione orale di approfondimento, rispondendo a domande complesse e confutando antitesi in Italiano."
italiano,secondaria,evidenza,"Utilizza sussidi digitali avanzati (GIS, Blender 3D, Scratch, fogli di calcolo) per elaborare e rappresentare dati in Italiano."
matematica,secondaria,traguardo,L'alunno padroneggia in modo autonomo e con rigore critico i concetti complessi e le strutture sintattiche di Matematica d'Istituto.
matematica,secondaria,traguardo,"Argomenta le proprie opinioni, elabora sintesi critiche e risolve situazioni-problema complesse di Matematica raccordate con l'area STEM o umanistica."
matematica,secondaria,traguardo,"Partecipa a dibattiti d'aula, co-progetta in gruppi cooperativi ed applica le metodologie di Matematica in compiti autentici di realtà d'Istituto."
matematica,secondaria,obiettivo,"Padroneggiare le strutture logico-formali, i teoremi, le grammatiche e le metodologie scientifiche specifiche di Matematica."
matematica,secondaria,obiettivo,"Eseguire l'analisi critica delle fonti, dei dati ed analizzare le dinamiche geopolitiche, storiche o matematiche di Matematica."
matematica,secondaria,obiettivo,"Elaborare testi argomentativi, relazioni scolastiche e progetti digitali strutturati in paragrafi coerenti di Matematica."
matematica,secondaria,obiettivo,Raccordare ed integrare i saperi e gli obiettivi di Matematica con lo studio di altre discipline d'Istituto (allineamento verticale ed orizzontale).
matematica,secondaria,evidenza,"Redige autonomamente una relazione argomentativa o un saggio breve su un argomento di Matematica, sostenendo una tesi con prove d'Istituto."
matematica,secondaria,evidenza,"Esegue l'analisi logica, formale o geometrica di problemi o brani d'autore di Matematica, motivando le procedure adottate."
matematica,secondaria,evidenza,"Espone con sicurezza una relazione orale di approfondimento, rispondendo a domande complesse e confutando antitesi in Matematica."
matematica,secondaria,evidenza,"Utilizza sussidi digitali avanzati (GIS, Blender 3D, Scratch, fogli di calcolo) per elaborare e rappresentare dati in Matematica."
scienze,secondaria,traguardo,L'alunno padroneggia in modo autonomo e con rigore critico i concetti complessi e le strutture sintattiche di Scienze d'Istituto.
scienze,secondaria,traguardo,"Argomenta le proprie opinioni, elabora sintesi critiche e risolve situazioni-problema complesse di Scienze raccordate con l'area STEM o umanistica."
scienze,secondaria,traguardo,"Partecipa a dibattiti d'aula, co-progetta in gruppi cooperativi ed applica le metodologie di Scienze in compiti autentici di realtà d'Istituto."
scienze,secondaria,obiettivo,"Padroneggiare le strutture logico-formali, i teoremi, le grammatiche e le metodologie scientifiche specifiche di Scienze."
scienze,secondaria,obiettivo,"Eseguire l'analisi critica delle fonti, dei dati ed analizzare le dinamiche geopolitiche, storiche o matematiche di Scienze."
scienze,secondaria,obiettivo,"Elaborare testi argomentativi, relazioni scolastiche e progetti digitali strutturati in paragrafi coerenti di Scienze."
scienze,secondaria,obiettivo,Raccordare ed integrare i saperi e gli obiettivi di Scienze con lo studio di altre discipline d'Istituto (allineamento verticale ed orizzontale).
scienze,secondaria,evidenza,"Redige autonomamente una relazione argomentativa o un saggio breve su un argomento di Scienze, sostenendo una tesi con prove d'Istituto."
scienze,secondaria,evidenza,"Esegue l'analisi logica, formale o geometrica di problemi o brani d'autore di Scienze, motivando le procedure adottate."
scienze,secondaria,evidenza,"Espone con sicurezza una relazione orale di approfondimento, rispondendo a domande complesse e confutando antitesi in Scienze."
scienze,secondaria,evidenza,"Utilizza sussidi digitali avanzati (GIS, Blender 3D, Scratch, fogli di calcolo) per elaborare e rappresentare dati in Scienze."
tecnologia,secondaria,traguardo,L'alunno padroneggia in modo autonomo e con rigore critico i concetti complessi e le strutture sintattiche di Tecnologia d'Istituto.
tecnologia,secondaria,traguardo,"Argomenta le proprie opinioni, elabora sintesi critiche e risolve situazioni-problema complesse di Tecnologia raccordate con l'area STEM o umanistica."
tecnologia,secondaria,traguardo,"Partecipa a dibattiti d'aula, co-progetta in gruppi cooperativi ed applica le metodologie di Tecnologia in compiti autentici di realtà d'Istituto."
tecnologia,secondaria,obiettivo,"Padroneggiare le strutture logico-formali, i teoremi, le grammatiche e le metodologie scientifiche specifiche di Tecnologia."
tecnologia,secondaria,obiettivo,"Eseguire l'analisi critica delle fonti, dei dati ed analizzare le dinamiche geopolitiche, storiche o matematiche di Tecnologia."
tecnologia,secondaria,obiettivo,"Elaborare testi argomentativi, relazioni scolastiche e progetti digitali strutturati in paragrafi coerenti di Tecnologia."
tecnologia,secondaria,obiettivo,Raccordare ed integrare i saperi e gli obiettivi di Tecnologia con lo studio di altre discipline d'Istituto (allineamento verticale ed orizzontale).
tecnologia,secondaria,evidenza,"Redige autonomamente una relazione argomentativa o un saggio breve su un argomento di Tecnologia, sostenendo una tesi con prove d'Istituto."
tecnologia,secondaria,evidenza,"Esegue l'analisi logica, formale o geometrica di problemi o brani d'autore di Tecnologia, motivando le procedure adottate."
tecnologia,secondaria,evidenza,"Espone con sicurezza una relazione orale di approfondimento, rispondendo a domande complesse e confutando antitesi in Tecnologia."
tecnologia,secondaria,evidenza,"Utilizza sussidi digitali avanzati (GIS, Blender 3D, Scratch, fogli di calcolo) per elaborare e rappresentare dati in Tecnologia."
storia,secondaria,traguardo,L'alunno padroneggia in modo autonomo e con rigore critico i concetti complessi e le strutture sintattiche di Storia d'Istituto.
storia,secondaria,traguardo,"Argomenta le proprie opinioni, elabora sintesi critiche e risolve situazioni-problema complesse di Storia raccordate con l'area STEM o umanistica."
storia,secondaria,traguardo,"Partecipa a dibattiti d'aula, co-progetta in gruppi cooperativi ed applica le metodologie di Storia in compiti autentici di realtà d'Istituto."
storia,secondaria,obiettivo,"Padroneggiare le strutture logico-formali, i teoremi, le grammatiche e le metodologie scientifiche specifiche di Storia."
storia,secondaria,obiettivo,"Eseguire l'analisi critica delle fonti, dei dati ed analizzare le dinamiche geopolitiche, storiche o matematiche di Storia."
storia,secondaria,obiettivo,"Elaborare testi argomentativi, relazioni scolastiche e progetti digitali strutturati in paragrafi coerenti di Storia."
storia,secondaria,obiettivo,Raccordare ed integrare i saperi e gli obiettivi di Storia con lo studio di altre discipline d'Istituto (allineamento verticale ed orizzontale).
storia,secondaria,evidenza,"Redige autonomamente una relazione argomentativa o un saggio breve su un argomento di Storia, sostenendo una tesi con prove d'Istituto."
storia,secondaria,evidenza,"Esegue l'analisi logica, formale o geometrica di problemi o brani d'autore di Storia, motivando le procedure adottate."
storia,secondaria,evidenza,"Espone con sicurezza una relazione orale di approfondimento, rispondendo a domande complesse e confutando antitesi in Storia."
storia,secondaria,evidenza,"Utilizza sussidi digitali avanzati (GIS, Blender 3D, Scratch, fogli di calcolo) per elaborare e rappresentare dati in Storia."
geografia,secondaria,traguardo,L'alunno padroneggia in modo autonomo e con rigore critico i concetti complessi e le strutture sintattiche di Geografia d'Istituto.
geografia,secondaria,traguardo,"Argomenta le proprie opinioni, elabora sintesi critiche e risolve situazioni-problema complesse di Geografia raccordate con l'area STEM o umanistica."
geografia,secondaria,traguardo,"Partecipa a dibattiti d'aula, co-progetta in gruppi cooperativi ed applica le metodologie di Geografia in compiti autentici di realtà d'Istituto."
geografia,secondaria,obiettivo,"Padroneggiare le strutture logico-formali, i teoremi, le grammatiche e le metodologie scientifiche specifiche di Geografia."
geografia,secondaria,obiettivo,"Eseguire l'analisi critica delle fonti, dei dati ed analizzare le dinamiche geopolitiche, storiche o matematiche di Geografia."
geografia,secondaria,obiettivo,"Elaborare testi argomentativi, relazioni scolastiche e progetti digitali strutturati in paragrafi coerenti di Geografia."
geografia,secondaria,obiettivo,Raccordare ed integrare i saperi e gli obiettivi di Geografia con lo studio di altre discipline d'Istituto (allineamento verticale ed orizzontale).
geografia,secondaria,evidenza,"Redige autonomamente una relazione argomentativa o un saggio breve su un argomento di Geografia, sostenendo una tesi con prove d'Istituto."
geografia,secondaria,evidenza,"Esegue l'analisi logica, formale o geometrica di problemi o brani d'autore di Geografia, motivando le procedure adottate."
geografia,secondaria,evidenza,"Espone con sicurezza una relazione orale di approfondimento, rispondendo a domande complesse e confutando antitesi in Geografia."
geografia,secondaria,evidenza,"Utilizza sussidi digitali avanzati (GIS, Blender 3D, Scratch, fogli di calcolo) per elaborare e rappresentare dati in Geografia."
inglese,secondaria,traguardo,L'alunno padroneggia in modo autonomo e con rigore critico i concetti complessi e le strutture sintattiche di Inglese d'Istituto.
inglese,secondaria,traguardo,"Argomenta le proprie opinioni, elabora sintesi critiche e risolve situazioni-problema complesse di Inglese raccordate con l'area STEM o umanistica."
inglese,secondaria,traguardo,"Partecipa a dibattiti d'aula, co-progetta in gruppi cooperativi ed applica le metodologie di Inglese in compiti autentici di realtà d'Istituto."
inglese,secondaria,obiettivo,"Padroneggiare le strutture logico-formali, i teoremi, le grammatiche e le metodologie scientifiche specifiche di Inglese."
inglese,secondaria,obiettivo,"Eseguire l'analisi critica delle fonti, dei dati ed analizzare le dinamiche geopolitiche, storiche o matematiche di Inglese."
inglese,secondaria,obiettivo,"Elaborare testi argomentativi, relazioni scolastiche e progetti digitali strutturati in paragrafi coerenti di Inglese."
inglese,secondaria,obiettivo,Raccordare ed integrare i saperi e gli obiettivi di Inglese con lo studio di altre discipline d'Istituto (allineamento verticale ed orizzontale).
inglese,secondaria,evidenza,"Redige autonomamente una relazione argomentativa o un saggio breve su un argomento di Inglese, sostenendo una tesi con prove d'Istituto."
inglese,secondaria,evidenza,"Esegue l'analisi logica, formale o geometrica di problemi o brani d'autore di Inglese, motivando le procedure adottate."
inglese,secondaria,evidenza,"Espone con sicurezza una relazione orale di approfondimento, rispondendo a domande complesse e confutando antitesi in Inglese."
inglese,secondaria,evidenza,"Utilizza sussidi digitali avanzati (GIS, Blender 3D, Scratch, fogli di calcolo) per elaborare e rappresentare dati in Inglese."
secondaLingua,secondaria,traguardo,L'alunno padroneggia in modo autonomo e con rigore critico i concetti complessi e le strutture sintattiche di Secondalingua d'Istituto.
secondaLingua,secondaria,traguardo,"Argomenta le proprie opinioni, elabora sintesi critiche e risolve situazioni-problema complesse di Secondalingua raccordate con l'area STEM o umanistica."
secondaLingua,secondaria,traguardo,"Partecipa a dibattiti d'aula, co-progetta in gruppi cooperativi ed applica le metodologie di Secondalingua in compiti autentici di realtà d'Istituto."
secondaLingua,secondaria,obiettivo,"Padroneggiare le strutture logico-formali, i teoremi, le grammatiche e le metodologie scientifiche specifiche di Secondalingua."
secondaLingua,secondaria,obiettivo,"Eseguire l'analisi critica delle fonti, dei dati ed analizzare le dinamiche geopolitiche, storiche o matematiche di Secondalingua."
secondaLingua,secondaria,obiettivo,"Elaborare testi argomentativi, relazioni scolastiche e progetti digitali strutturati in paragrafi coerenti di Secondalingua."
secondaLingua,secondaria,obiettivo,Raccordare ed integrare i saperi e gli obiettivi di Secondalingua con lo studio di altre discipline d'Istituto (allineamento verticale ed orizzontale).
secondaLingua,secondaria,evidenza,"Redige autonomamente una relazione argomentativa o un saggio breve su un argomento di Secondalingua, sostenendo una tesi con prove d'Istituto."
secondaLingua,secondaria,evidenza,"Esegue l'analisi logica, formale o geometrica di problemi o brani d'autore di Secondalingua, motivando le procedure adottate."
secondaLingua,secondaria,evidenza,"Espone con sicurezza una relazione orale di approfondimento, rispondendo a domande complesse e confutando antitesi in Secondalingua."
secondaLingua,secondaria,evidenza,"Utilizza sussidi digitali avanzati (GIS, Blender 3D, Scratch, fogli di calcolo) per elaborare e rappresentare dati in Secondalingua."
arteImmagine,secondaria,traguardo,L'alunno padroneggia in modo autonomo e con rigore critico i concetti complessi e le strutture sintattiche di Arteimmagine d'Istituto.
arteImmagine,secondaria,traguardo,"Argomenta le proprie opinioni, elabora sintesi critiche e risolve situazioni-problema complesse di Arteimmagine raccordate con l'area STEM o umanistica."
arteImmagine,secondaria,traguardo,"Partecipa a dibattiti d'aula, co-progetta in gruppi cooperativi ed applica le metodologie di Arteimmagine in compiti autentici di realtà d'Istituto."
arteImmagine,secondaria,obiettivo,"Padroneggiare le strutture logico-formali, i teoremi, le grammatiche e le metodologie scientifiche specifiche di Arteimmagine."
arteImmagine,secondaria,obiettivo,"Eseguire l'analisi critica delle fonti, dei dati ed analizzare le dinamiche geopolitiche, storiche o matematiche di Arteimmagine."
arteImmagine,secondaria,obiettivo,"Elaborare testi argomentativi, relazioni scolastiche e progetti digitali strutturati in paragrafi coerenti di Arteimmagine."
arteImmagine,secondaria,obiettivo,Raccordare ed integrare i saperi e gli obiettivi di Arteimmagine con lo studio di altre discipline d'Istituto (allineamento verticale ed orizzontale).
arteImmagine,secondaria,evidenza,"Redige autonomamente una relazione argomentativa o un saggio breve su un argomento di Arteimmagine, sostenendo una tesi con prove d'Istituto."
arteImmagine,secondaria,evidenza,"Esegue l'analisi logica, formale o geometrica di problemi o brani d'autore di Arteimmagine, motivando le procedure adottate."
arteImmagine,secondaria,evidenza,"Espone con sicurezza una relazione orale di approfondimento, rispondendo a domande complesse e confutando antitesi in Arteimmagine."
arteImmagine,secondaria,evidenza,"Utilizza sussidi digitali avanzati (GIS, Blender 3D, Scratch, fogli di calcolo) per elaborare e rappresentare dati in Arteimmagine."
musica,secondaria,traguardo,L'alunno padroneggia in modo autonomo e con rigore critico i concetti complessi e le strutture sintattiche di Musica d'Istituto.
musica,secondaria,traguardo,"Argomenta le proprie opinioni, elabora sintesi critiche e risolve situazioni-problema complesse di Musica raccordate con l'area STEM o umanistica."
musica,secondaria,traguardo,"Partecipa a dibattiti d'aula, co-progetta in gruppi cooperativi ed applica le metodologie di Musica in compiti autentici di realtà d'Istituto."
musica,secondaria,obiettivo,"Padroneggiare le strutture logico-formali, i teoremi, le grammatiche e le metodologie scientifiche specifiche di Musica."
musica,secondaria,obiettivo,"Eseguire l'analisi critica delle fonti, dei dati ed analizzare le dinamiche geopolitiche, storiche o matematiche di Musica."
musica,secondaria,obiettivo,"Elaborare testi argomentativi, relazioni scolastiche e progetti digitali strutturati in paragrafi coerenti di Musica."
musica,secondaria,obiettivo,Raccordare ed integrare i saperi e gli obiettivi di Musica con lo studio di altre discipline d'Istituto (allineamento verticale ed orizzontale).
musica,secondaria,evidenza,"Redige autonomamente una relazione argomentativa o un saggio breve su un argomento di Musica, sostenendo una tesi con prove d'Istituto."
musica,secondaria,evidenza,"Esegue l'analisi logica, formale o geometrica di problemi o brani d'autore di Musica, motivando le procedure adottate."
musica,secondaria,evidenza,"Espone con sicurezza una relazione orale di approfondimento, rispondendo a domande complesse e confutando antitesi in Musica."
musica,secondaria,evidenza,"Utilizza sussidi digitali avanzati (GIS, Blender 3D, Scratch, fogli di calcolo) per elaborare e rappresentare dati in Musica."
educazioneFisica,secondaria,traguardo,L'alunno padroneggia in modo autonomo e con rigore critico i concetti complessi e le strutture sintattiche di Educazionefisica d'Istituto.
educazioneFisica,secondaria,traguardo,"Argomenta le proprie opinioni, elabora sintesi critiche e risolve situazioni-problema complesse di Educazionefisica raccordate con l'area STEM o umanistica."
educazioneFisica,secondaria,traguardo,"Partecipa a dibattiti d'aula, co-progetta in gruppi cooperativi ed applica le metodologie di Educazionefisica in compiti autentici di realtà d'Istituto."
educazioneFisica,secondaria,obiettivo,"Padroneggiare le strutture logico-formali, i teoremi, le grammatiche e le metodologie scientifiche specifiche di Educazionefisica."
educazioneFisica,secondaria,obiettivo,"Eseguire l'analisi critica delle fonti, dei dati ed analizzare le dinamiche geopolitiche, storiche o matematiche di Educazionefisica."
educazioneFisica,secondaria,obiettivo,"Elaborare testi argomentativi, relazioni scolastiche e progetti digitali strutturati in paragrafi coerenti di Educazionefisica."
educazioneFisica,secondaria,obiettivo,Raccordare ed integrare i saperi e gli obiettivi di Educazionefisica con lo studio di altre discipline d'Istituto (allineamento verticale ed orizzontale).
educazioneFisica,secondaria,evidenza,"Redige autonomamente una relazione argomentativa o un saggio breve su un argomento di Educazionefisica, sostenendo una tesi con prove d'Istituto."
educazioneFisica,secondaria,evidenza,"Esegue l'analisi logica, formale o geometrica di problemi o brani d'autore di Educazionefisica, motivando le procedure adottate."
educazioneFisica,secondaria,evidenza,"Espone con sicurezza una relazione orale di approfondimento, rispondendo a domande complesse e confutando antitesi in Educazionefisica."
educazioneFisica,secondaria,evidenza,"Utilizza sussidi digitali avanzati (GIS, Blender 3D, Scratch, fogli di calcolo) per elaborare e rappresentare dati in Educazionefisica."
educazioneCivica,secondaria,traguardo,L'alunno padroneggia in modo autonomo e con rigore critico i concetti complessi e le strutture sintattiche di Educazionecivica d'Istituto.
educazioneCivica,secondaria,traguardo,"Argomenta le proprie opinioni, elabora sintesi critiche e risolve situazioni-problema complesse di Educazionecivica raccordate con l'area STEM o umanistica."
educazioneCivica,secondaria,traguardo,"Partecipa a dibattiti d'aula, co-progetta in gruppi cooperativi ed applica le metodologie di Educazionecivica in compiti autentici di realtà d'Istituto."
educazioneCivica,secondaria,obiettivo,"Padroneggiare le strutture logico-formali, i teoremi, le grammatiche e le metodologie scientifiche specifiche di Educazionecivica."
educazioneCivica,secondaria,obiettivo,"Eseguire l'analisi critica delle fonti, dei dati ed analizzare le dinamiche geopolitiche, storiche o matematiche di Educazionecivica."
educazioneCivica,secondaria,obiettivo,"Elaborare testi argomentativi, relazioni scolastiche e progetti digitali strutturati in paragrafi coerenti di Educazionecivica."
educazioneCivica,secondaria,obiettivo,Raccordare ed integrare i saperi e gli obiettivi di Educazionecivica con lo studio di altre discipline d'Istituto (allineamento verticale ed orizzontale).
educazioneCivica,secondaria,evidenza,"Redige autonomamente una relazione argomentativa o un saggio breve su un argomento di Educazionecivica, sostenendo una tesi con prove d'Istituto."
educazioneCivica,secondaria,evidenza,"Esegue l'analisi logica, formale o geometrica di problemi o brani d'autore di Educazionecivica, motivando le procedure adottate."
educazioneCivica,secondaria,evidenza,"Espone con sicurezza una relazione orale di approfondimento, rispondendo a domande complesse e confutando antitesi in Educazionecivica."
educazioneCivica,secondaria,evidenza,"Utilizza sussidi digitali avanzati (GIS, Blender 3D, Scratch, fogli di calcolo) per elaborare e rappresentare dati in Educazionecivica."
religione,secondaria,traguardo,L'alunno padroneggia in modo autonomo e con rigore critico i concetti complessi e le strutture sintattiche di Religione d'Istituto.
religione,secondaria,traguardo,"Argomenta le proprie opinioni, elabora sintesi critiche e risolve situazioni-problema complesse di Religione raccordate con l'area STEM o umanistica."
religione,secondaria,traguardo,"Partecipa a dibattiti d'aula, co-progetta in gruppi cooperativi ed applica le metodologie di Religione in compiti autentici di realtà d'Istituto."
religione,secondaria,obiettivo,"Padroneggiare le strutture logico-formali, i teoremi, le grammatiche e le metodologie scientifiche specifiche di Religione."
religione,secondaria,obiettivo,"Eseguire l'analisi critica delle fonti, dei dati ed analizzare le dinamiche geopolitiche, storiche o matematiche di Religione."
religione,secondaria,obiettivo,"Elaborare testi argomentativi, relazioni scolastiche e progetti digitali strutturati in paragrafi coerenti di Religione."
religione,secondaria,obiettivo,Raccordare ed integrare i saperi e gli obiettivi di Religione con lo studio di altre discipline d'Istituto (allineamento verticale ed orizzontale).
religione,secondaria,evidenza,"Redige autonomamente una relazione argomentativa o un saggio breve su un argomento di Religione, sostenendo una tesi con prove d'Istituto."
religione,secondaria,evidenza,"Esegue l'analisi logica, formale o geometrica di problemi o brani d'autore di Religione, motivando le procedure adottate."
religione,secondaria,evidenza,"Espone con sicurezza una relazione orale di approfondimento, rispondendo a domande complesse e confutando antitesi in Religione."
religione,secondaria,evidenza,"Utilizza sussidi digitali avanzati (GIS, Blender 3D, Scratch, fogli di calcolo) per elaborare e rappresentare dati in Religione."
latino,secondaria,traguardo,L'alunno padroneggia in modo autonomo e con rigore critico i concetti complessi e le strutture sintattiche di Lingua ed Elementi di Latino (LEL) d'Istituto.
latino,secondaria,traguardo,"Argomenta le proprie opinioni, elabora sintesi critiche e risolve situazioni-problema complesse di Lingua ed Elementi di Latino (LEL) raccordate con l'area STEM o umanistica."
latino,secondaria,traguardo,"Partecipa a dibattiti d'aula, co-progetta in gruppi cooperativi ed applica le metodologie di Lingua ed Elementi di Latino (LEL) in compiti autentici di realtà d'Istituto."
latino,secondaria,obiettivo,"Padroneggiare le strutture logico-formali, i teoremi, le grammatiche e le metodologie scientifiche specifiche di Lingua ed Elementi di Latino (LEL)."
latino,secondaria,obiettivo,"Eseguire l'analisi critica delle fonti, dei dati ed analizzare le dinamiche geopolitiche, storiche o matematiche di Lingua ed Elementi di Latino (LEL)."
latino,secondaria,obiettivo,"Elaborare testi argomentativi, relazioni scolastiche e progetti digitali strutturati in paragrafi coerenti di Lingua ed Elementi di Latino (LEL)."
latino,secondaria,obiettivo,Raccordare ed integrare i saperi e gli obiettivi di Lingua ed Elementi di Latino (LEL) con lo studio di altre discipline d'Istituto (allineamento verticale ed orizzontale).
latino,secondaria,evidenza,"Redige autonomamente una relazione argomentativa o un saggio breve su un argomento di Lingua ed Elementi di Latino (LEL), sostenendo una tesi con prove d'Istituto."
latino,secondaria,evidenza,"Esegue l'analisi logica, formale o geometrica di problemi o brani d'autore di Lingua ed Elementi di Latino (LEL), motivando le procedure adottate."
latino,secondaria,evidenza,"Espone con sicurezza una relazione orale di approfondimento, rispondendo a domande complesse e confutando antitesi in Lingua ed Elementi di Latino (LEL)."
latino,secondaria,evidenza,"Utilizza sussidi digitali avanzati (GIS, Blender 3D, Scratch, fogli di calcolo) per elaborare e rappresentare dati in Lingua ed Elementi di Latino (LEL)."
tecnologia,primaria,traguardo,L'alunno padroneggia le basi del pensiero computazionale ed il coding visuale a blocchi (Scratch) in raccordo con la geometria cartesiana d'Istituto.
tecnologia,primaria,obiettivo,"Sviluppare ed eseguire algoritmi sequenziali, cicli condizionali e variabili in Scratch per disegnare poligoni regolari d'aula."
tecnologia,primaria,evidenza,Disegna autonomamente un quadrato o un triangolo equilatero sulla griglia cartesiana della LIM programmando i blocchi di movimento e rotazione in Scratch.
italiano,primaria,obiettivo,"Consolidare ed esercitare regolarmente la fluidità e la continuità della scrittura in corsivo fine d'Istituto, in raccordo con i percorsi di pregrafismo dell'Infanzia."
italiano,primaria,evidenza,Redige un intero brano in corsivo sul foglio a righe rispettando le legature e le altezze delle lettere in modo armonioso e senza interruzioni grafiche.
educazioneCivica,secondaria,obiettivo,"Comprendere i principi fondamentali dell'Educazione Finanziaria, del risparmio consapevole e della gestione programmata del bilancio personale d'Istituto."
educazioneCivica,secondaria,obiettivo,"Analizzare criticamente l'impatto etico, sociale e di privacy derivante dall'uso quotidiano di algoritmi di Intelligenza Artificiale e sistemi di ricerca web."
educazioneCivica,secondaria,evidenza,Elabora un piccolo bilancio economico scolastico o un saggio critico che descriva i bias algoritmici dell'I.A. raccordandoli alla cittadinanza attiva d'Istituto.
tecnologia,primaria,obiettivo,"Riconoscere le parti fondamentali del computer d'aula (monitor, mouse, tastiera) e avviarlo in autonomia."
tecnologia,primaria,obiettivo,Eseguire semplici sequenze logiche di accensione e spegnimento delle periferiche interattive (LIM d'Istituto).
tecnologia,primaria,evidenza,Utilizza correttamente il puntatore del mouse per trascinare ed associare elementi geometrici sulla LIM d'aula.
tecnologia,primaria,evidenza,Identifica visivamente le icone dei programmi di videoscrittura e disegno elementare sul desktop d'Istituto.
tecnologia,primaria,traguardo,L'alunno comprende la logica sequenziale degli algoritmi unplugged raccordandola con la motricità d'aula.
tecnologia,primaria,obiettivo,Elaborare una sequenza di istruzioni (algoritmo) per far compiere un percorso a griglia ad un robot educativo o compagno.
tecnologia,primaria,evidenza,"Scrive su carta a quadretti la sequenza corretta di comandi (avanti, destra, sinistra) per aggirare ostacoli fisici."
tecnologia,primaria,traguardo,L'alunno padroneggia l'ambiente Scratch per animare piccoli sprite tramite eventi di clic e pressione tasti.
tecnologia,primaria,obiettivo,Progettare ed eseguire un semplice programma in Scratch che utilizzi cicli ripetitivi e cambi di costume d'aula.
tecnologia,primaria,evidenza,"Crea un'animazione in cui uno sprite cammina, parla tramite fumetto e rimbalza quando tocca il bordo dello schermo Scratch."
tecnologia,primaria,traguardo,L'alunno applica il coding visuale in Scratch per la modellizzazione geometrica piana (STEM d'Istituto).
tecnologia,primaria,obiettivo,Sviluppare algoritmi parametrici basati su variabili e rotazioni angolari per disegnare poligoni regolari in Scratch.
tecnologia,primaria,evidenza,"Disegna autonomamente un quadrato, un pentagono o una stella sulla griglia della LIM programmando i blocchi penna in Scratch."
tecnologia,secondaria,traguardo,L'alunno padroneggia le proiezioni ortogonali di solidi geometrici semplici tramite disegno tecnico CAD.
tecnologia,secondaria,obiettivo,"Rappresentare in proiezione ortogonale prismi, piramidi e solidi composti rispettando le quote e le scale metriche."
tecnologia,secondaria,evidenza,"Disegna sul foglio tecnico d'Istituto le tre viste (pianta, prospetto, fianco) di una piramide a base esagonale."
tecnologia,secondaria,traguardo,L'alunno comprende il funzionamento delle reti informatiche e le tutele del cloud computing d'Istituto.
tecnologia,secondaria,obiettivo,"Analizzare la struttura del protocollo TCP/IP, degli indirizzi IP e comprendere il concetto di decentralizzazione dati."
tecnologia,secondaria,evidenza,Mappa graficamente il percorso di un pacchetto dati dal computer d'aula al server cloud tramite diagramma di flusso.
tecnologia,secondaria,traguardo,L'alunno acquisisce l'I.A. Literacy (DigComp 2.2) comprendendo le reti neurali artificiali ed i bias.
tecnologia,secondaria,obiettivo,Esaminare la differenza tra algoritmi deterministici (if-else) e modelli statistici predittivi a reti neurali (Generative I.A.).
tecnologia,secondaria,evidenza,Compila un report critico che evidenzia i rischi di plagio scolastico e allucinazione nei testi prodotti dall'I.A. generativa.
italiano,primaria,obiettivo,Consolidare l'associazione grafema-fonema e la fluidità della lettura di parole bisillabe e trisillabe.
italiano,primaria,evidenza,Legge ad alta voce e comprende il significato di un breve testo narrativo composto da frasi semplici.
italiano,primaria,obiettivo,Esercitare la corretta legatura delle lettere nel corsivo fine d'Istituto in raccordo con l'Infanzia.
italiano,primaria,evidenza,Scrive in corsivo sillabe e intere parole rispettando gli spazi delle righe e l'altezza dei caratteri.
italiano,primaria,obiettivo,Consolidare l'autonomia nella scrittura in corsivo continuo di frasi complesse e piccoli brani narrativi.
italiano,primaria,evidenza,Redige un intero brano in corsivo sul foglio a righe rispettando le legature delle lettere senza interruzioni grafiche.
italiano,primaria,obiettivo,"Riconoscere ed applicare autonomamente le principali regole ortografiche (digrammi, trigrammi, accenti, apostrofi)."
italiano,primaria,evidenza,"Produce un testo scritto di 10 righe privo di errori ortografici gravi (uso dell'h, doppie, partitivi)."
italiano,primaria,obiettivo,Individuare la struttura logica del periodo distinguendo la proposizione principale dalle coordinate d'area.
italiano,primaria,evidenza,"Scompone frasi complesse individuando soggetto, predicato e i principali complementi diretti e indiretti."
italiano,primaria,traguardo,L'alunno padroneggia la stesura di testi espositivi e argomentativi strutturati per la prova d'ingresso secondaria.
italiano,primaria,obiettivo,"Elaborare testi scritti su tracce date strutturando l'argomentazione in introduzione, tesi, antitesi e sintesi."
italiano,primaria,evidenza,Redige una recensione critica di un libro letto descrivendo i personaggi e motivando il proprio giudizio metodologico.
italiano,secondaria,obiettivo,Riconoscere la morfosintassi della lingua italiana analizzando le parti variabili e invariabili del discorso.
italiano,secondaria,evidenza,Esegue l'analisi grammaticale e logica di periodi complessi distinguendo le proposizioni subordinate soggettive e oggettive.
italiano,secondaria,traguardo,L'alunno padroneggia l'etimologia e la diacronia lessicale tramite il confronto sistematico italiano-latino (LEL).
italiano,secondaria,obiettivo,"Analizzare la derivazione delle parole italiane dai corrispondenti casi latini, comprendendo i mutamenti fonetici storici."
italiano,secondaria,evidenza,Traduce e decodifica brevi espressioni o motti latini storici individuando i prestiti linguistici nell'italiano moderno.
italiano,secondaria,traguardo,L'alunno padroneggia la scrittura argomentativa complessa in vista dell'Esame di Stato d'Istituto.
italiano,secondaria,obiettivo,"Redigere saggi brevi e testi argomentativi complessi su tematiche storiche, d'attualità o di educazione civica."
italiano,secondaria,evidenza,Sostiene un dibattito orale d'aula (Debate) confutando le tesi opposte con rigore sintattico e lessico formale.
latino,secondaria,traguardo,L'alunno scopre il patrimonio della lingua latina (LEL - DM 221/2025) come radice della cultura europea.
latino,secondaria,traguardo,Comprende il funzionamento di una lingua flessiva confrontando la struttura delle desinenze latine con i connettivi italiani.
latino,secondaria,obiettivo,Decodificare semplici frasi latine individuando il soggetto (nominativo) ed il complemento oggetto (accusativo).
latino,secondaria,obiettivo,Riconoscere ed analizzare le radici latine nei neologismi scientifici e nel linguaggio giuridico-amministrativo odierno.
latino,secondaria,evidenza,Collega sostantivi italiani al rispettivo lemma latino d'origine spiegandone l'evoluzione semantica d'Istituto.
educazioneCivica,secondaria,traguardo,"L'alunno comprende i principi costituzionali del risparmio, del fisco e dello stato sociale (Art. 47 Cost.)."
educazioneCivica,secondaria,obiettivo,"Comprendere i concetti di reddito, spesa, pianificazione del bilancio familiare, tassi d'interesse e strumenti finanziari."
educazioneCivica,secondaria,evidenza,Compila una griglia di calcolo simulando il bilancio economico mensile di una famiglia tipo d'Istituto.
educazioneCivica,secondaria,traguardo,L'alunno adotta comportamenti attivi per il contenimento dell'impronta carbonica d'Istituto (Agenda 2030).
educazioneCivica,secondaria,obiettivo,Esaminare l'impatto dei consumi energetici scolastici promuovendo buone pratiche di risparmio d'aula.
educazioneCivica,secondaria,evidenza,Esegue un audit energetico della propria classe proponendo un decalogo per l'uso virtuoso di luci e LIM.
educazioneCivica,secondaria,traguardo,L'alunno tutela la propria identità digitale e la privacy dei minori sulle piattaforme web (GDPR).
educazioneCivica,secondaria,obiettivo,"Riconoscere i pericoli del furto d'identità, del phishing e comprendere le politiche sui cookie e tracciamento."
educazioneCivica,secondaria,evidenza,Analizza criticamente le clausole sulla privacy di una piattaforma social redigendo un foglio illustrativo.
